classification,mean,std,min,max,median,count
Extreme Fear,34.53786207897196,1136.0560914312027,-31036.69194,115287.0,0.0,21400
Extreme Greed,67.89286133909282,766.8282935916445,-10259.468,44223.45187,0.0,39992
Fear,54.2903996254993,935.3554378356772,-35681.74723,135329.0901,0.0,61837
Greed,42.74355948851957,1116.028389757626,-117990.1041,74530.52371,0.0,50303
Neutral,34.30771839807886,517.1222197292019,-24500.0,48504.09555,0.0,37686
